{"deg2": {"mse": 13171427951.96883, "r2": -2.2010564005353914}, "deg3": {"mse": 4745127110.486484, "r2": -0.15320977829942062}}