{"mse_out": 2642483715.1941447, "r2_out": 0.6554926552252592, "mse_nout": 416219349.2756542, "r2_nout": 0.8988460767591753}