{"k3": {"mse": 1539015718.5191743, "r2": 0.6259725115412426}, "k5": {"mse": 1471637302.1242478, "r2": 0.642347509897186}, "k7": {"mse": 1578438638.5674553, "r2": 0.6163915465153904}}